iter	Logloss
0	0.343778554
1	0.275549787
2	0.2501029246
3	0.2391829179
4	0.2323786728
5	0.224890666
6	0.2227924935
7	0.2173998696
8	0.2121482384
9	0.2074233603
10	0.2038137104
11	0.199028536
12	0.1967311477
13	0.1942145163
14	0.1916892883
15	0.1890637147
16	0.1873809522
17	0.1835370644
18	0.1790044076
